product_category,category_total_sales
Home,1826011.16000001
Garden,1934420.4399999972
Beauty,1662393.3599999957
Books,1718695.0400000017
Food,1767897.9999999958
Toys,2030344.6399999969
Automotive,1889125.3199999921
Electronics,1705799.200000001
Clothing,2076973.3200000064
Sports,2041350.0800000136
